0.009514929829698449,0.0,0.0,315.29374785963563,0.0,0.0,728.1404558574632,-165.68404401978012,-55.22790354019941
0.019029876535329695,0.0,0.0,315.29308159779794,0.0,0.0,728.1411221192969,-165.68473850353615,-55.22780167187338
0.028544873860862102,0.0,0.0,315.2919713986623,0.0,0.0,728.1422323184289,-165.6858957270368,-55.22763192788278
0.038059955526754355,0.0,0.0,315.29041761604856,0.0,0.0,728.1437861010397,-165.687515318306,-55.22739436274047
0.047575155214409644,0.0,0.0,315.28842074416843,0.0,0.0,728.1457829729171,-165.68959675776853,-55.227089052589896
0.05709050655064093,0.0,0.0,315.2859814174386,0.0,0.0,728.1482222996447,-165.69213937845285,-55.22671609517587
0.06660604309215153,0.0,0.0,315.2831004102416,0.0,0.0,728.1511033068396,-165.69514236624988,-55.22627560980669
0.07612179831003525,0.0,0.0,315.27977863663483,0.0,0.0,728.1544250804448,-165.6986047602279,-55.22576773730862
0.08563780557430044,0.0,0.0,315.2760171500076,0.0,0.0,728.1581865670705,-165.7025254530036,-55.22519263997199
0.09515409813842204,0.0,0.0,315.27181714268704,0.0,0.0,728.1623865743902,-165.70690319116963,-55.22455050148904
0.10467070912392612,0.0,0.0,315.267179945492,0.0,0.0,728.1670237715846,-165.7117365757764,-55.22384152688395
0.1141876715050109,0.0,0.0,315.2621070272369,0.0,0.0,728.1720966898395,-165.71702406286963,-55.22306594243469
0.1237050180932088,0.0,0.0,315.25659999418303,0.0,0.0,728.1776037228935,-165.72276396408398,-55.222223995586944
0.13322278152209358,0.0,0.0,315.25066058944174,0.0,0.0,728.1835431276353,-165.7289544472893,-55.221315954860174
0.1427409942320369,0.0,0.0,315.2442906923246,0.0,0.0,728.1899130247532,-165.7355935372929,-55.22034210974539
0.15225968845501872,0.0,0.0,315.2374923176461,0.0,0.0,728.196711399433,-165.74267911659425,-55.21930277059571
0.16177889619949548,0.0,0.0,315.2302676149752,0.0,0.0,728.2039361021054,-165.7502089261946,-55.21819826850874
0.17129864923533072,0.0,0.0,315.2226188678384,0.0,0.0,728.2115848492441,-165.75818056645795,-55.21702895520113
0.18081897907879219,0.0,0.0,315.21454849287426,0.0,0.0,728.2196552242106,-165.7665914980257,-55.21579520287588
0.19033991697761976,0.0,0.0,315.2060590389393,0.0,0.0,728.228144678148,-165.7754390427825,-55.21449740408189
0.19986149389616858,0.0,0.0,315.1971531861659,0.0,0.0,728.2370505309245,-165.784720384874,-55.21313597156579
0.20938374050063152,0.0,0.0,315.1878337449737,0.0,0.0,728.24636997212,-165.794432571775,-55.21171133811675
0.21890668714434539,0.0,0.0,315.17810365503317,0.0,0.0,728.2561000620642,-165.8045725154081,-55.21022395640378
0.22843036385318524,0.0,0.0,315.16796598418375,0.0,0.0,728.2662377329175,-165.81513699331205,-55.2086742988057
0.23795480031105093,0.0,0.0,315.15742392730556,0.0,0.0,728.2767797898001,-165.8261226498584,-55.207062857233964
0.24748002584545037,0.0,0.0,315.1464808051468,0.0,0.0,728.2877229119633,-165.83752599751716,-55.20539014294872
0.2570060694131836,0.0,0.0,315.1351400631055,0.0,0.0,728.2990636540094,-165.84934341816975,-55.203656686367424
0.26653295958613243,0.0,0.0,315.1234052699691,0.0,0.0,728.3107984471515,-165.86157116446836,-55.20186303686708
0.2760607245371593,0.0,0.0,315.111280116608,0.0,0.0,728.3229236005179,-165.8742053612425,-55.200009762579356
0.28558939202612027,0.0,0.0,315.0987684146297,0.0,0.0,728.3354353025021,-165.88724200694955,-55.19809745017921
0.29511898938599623,0.0,0.0,315.08587409498864,0.0,0.0,728.3483296221493,-165.90067697517063,-55.196126704666995
0.30464954350914664,0.0,0.0,315.07260120655553,0.0,0.0,728.3616025105889,-165.91450601615026,-55.19409814914413
0.31418108083369006,0.0,0.0,315.05895391464696,0.0,0.0,728.3752498025044,-165.9287247583782,-55.19201242458231
0.32371362733001613,0.0,0.0,315.0449364995133,0.0,0.0,728.3892672176453,-165.94332871021425,-55.189870189586756
0.3332472084874328,0.0,0.0,315.03055335478984,0.0,0.0,728.4036503623762,-165.95831326155326,-55.187672120153294
0.3427818493009537,0.0,0.0,315.0158089859077,0.0,0.0,728.418394731266,-165.97367368553185,-55.185418909419425
0.3523175742582295,0.0,0.0,315.00070800846873,0.0,0.0,728.4334957087129,-165.98940514027214,-55.1831112674097
0.3618544073266281,0.0,0.0,314.9852551465825,0.0,0.0,728.4489485706074,-166.0055026706668,-55.1807499207753
0.37139237194046715,0.0,0.0,314.96945523116835,0.0,0.0,728.4647484860302,-166.02196121019898,-55.1783356125281
0.3809314909884044,0.0,0.0,314.9533131982215,0.0,0.0,728.480890518986,-166.03877558280095,-55.17586910176938
0.39047178680098904,0.0,0.0,314.9368340870458,0.0,0.0,728.4973696301709,-166.0559405047468,-55.17335116341315
0.40001328113837914,0.0,0.0,314.9200230384524,0.0,0.0,728.5141806787739,-166.07345058658075,-55.17078258790432
0.4095559951782291,0.0,0.0,314.90288529292604,0.0,0.0,728.53131842431,-166.0913003350786,-55.168164180931946
0.4190999495037514,0.0,0.0,314.88542618876,0.0,0.0,728.5487775284861,-166.10948415524174,-55.165496763137575
0.42864516409195746,0.0,0.0,314.8676511601599,0.0,0.0,728.5665525570965,-166.12799635232335,-55.16278116981877
0.4381916583020811,0.0,0.0,314.8495657353176,0.0,0.0,728.5846379819493,-166.14683113388503,-55.160018250628184
0.4477394508641895,0.0,0.0,314.83117553445646,0.0,0.0,728.6030281828212,-166.16598261188204,-55.157208869268125
0.4572885598679855,0.0,0.0,314.81248626784816,0.0,0.0,728.6217174494404,-166.18544480477874,-55.154353903180834
0.4668390027518061,0.0,0.0,314.7935037338024,0.0,0.0,728.6406999834975,-166.2052116396906,-55.15145424323467
0.4763907962918206,0.0,0.0,314.77423381663044,0.0,0.0,728.6599699006811,-166.22527695455244,-55.14851079340616
0.485943956591433,0.0,0.0,314.75468248458327,0.0,0.0,728.67952123274,-166.2456345003128,-55.14552447045848
0.49549849907089333,0.0,0.0,314.73485578776524,0.0,0.0,728.69934792957,-166.2662779431518,-55.14249620361579
0.5050544384571208,0.0,0.0,314.7147598560244,0.0,0.0,728.719443861323,-166.28720086672388,-55.13942693423459
0.5146117887737448,0.0,0.0,314.6944008968205,0.0,0.0,728.7398028205391,-166.30839677442034,-55.13631761547125
0.5241705633313657,0.0,0.0,314.6737851930711,0.0,0.0,728.7604185243014,-166.3298590916551,-55.133169211946374
0.5337307747180415,0.0,0.0,314.6529191009767,0.0,0.0,728.7812846164086,-166.35158116817001,-55.1299826994063
0.5432924347900036,0.0,0.0,314.63180904782723,0.0,0.0,728.8023946695711,-166.37355628035849,-55.1267590643814
0.5528555546626052,0.0,0.0,314.61046152978884,0.0,0.0,728.8237421876228,-166.3957776336082,-55.123499303841804
0.5624201447015076,0.0,0.0,314.5888831096736,0.0,0.0,728.8453206077513,-166.41823836465935,-55.12020442485036
0.5719862145141072,0.0,0.0,314.56708041469193,0.0,0.0,728.8671233027466,-166.44093154398024,-55.116875444213164
0.5815537729412085,0.0,0.0,314.5450601341894,0.0,0.0,728.8891435832629,-166.46385017815663,-55.113513388127735
0.5911228280489446,0.0,0.0,314.5228290173684,0.0,0.0,728.9113747000979,-166.48698721229482,-55.1101192918292
0.6006933871209528,0.0,0.0,314.50039387099616,0.0,0.0,728.9338098464842,-166.5103355324378,-55.1066941992342
0.6102654566508054,0.0,0.0,314.4777615571001,0.0,0.0,728.9564421603945,-166.53388796799283,-55.10323916258314
0.6198390423347021,0.0,0.0,314.4549389906497,0.0,0.0,728.9792647268594,-166.55763729416918,-55.09975524208058
0.6294141490644259,0.0,0.0,314.4319331372292,0.0,0.0,729.0022705802946,-166.58157623442645,-55.09624350553418
0.6389907809205686,0.0,0.0,314.40875101069867,0.0,0.0,729.0254527068399,-166.6056974629298,-55.09270502799225
0.648568941166026,0.0,0.0,314.3853996708465,0.0,0.0,729.0488040467069,-166.62999360701428,-55.08914089137993
0.6581486322397704,0.0,0.0,314.36188622103384,0.0,0.0,729.0723174965348,-166.65445724965377,-55.0855521841343
0.6677298557509007,0.0,0.0,314.3382178058308,0.0,0.0,729.0959859117529,-166.67908093193753,-55.081940000838614
0.6773126124729757,0.0,0.0,314.31440160864753,0.0,0.0,729.1198021089515,-166.70385715554912,-55.07830544185562
0.6868969023386322,0.0,0.0,314.2904448493584,0.0,0.0,729.1437588682561,-166.72877838524983,-55.074649612960236
0.6964827244344937,0.0,0.0,314.2663547819227,0.0,0.0,729.1678489357073,-166.7538370513642,-55.07097362497187
0.7060700769963698,0.0,0.0,314.2421386920015,0.0,0.0,729.1920650256441,-166.7790255522675,-55.067278593385936
0.7156589574047529,0.0,0.0,314.21780389457064,0.0,0.0,729.2163998230908,-166.80433625687292,-55.063565638005684
0.7252493621806123,0.0,0.0,314.19335773153375,0.0,0.0,729.2408459861434,-166.829761507119,-55.059835882573566
0.734841286981491,0.0,0.0,314.1688075693326,0.0,0.0,729.2653961483605,-166.85529362045486,-55.056090454402636
0.744434726597907,0.0,0.0,314.1441607965584,0.0,0.0,729.2900429211508,-166.88092489232423,-55.052330484008436
0.7540296749500626,0.0,0.0,314.11942482156326,0.0,0.0,729.3147788961619,-166.90664759864518,-55.04855710474095
0.7636261250848634,0.0,0.0,314.0946070700735,0.0,0.0,729.3395966476679,-166.93245399828666,-55.04477145241699
0.7732240691732518,0.0,0.0,314.06971498280575,0.0,0.0,729.3644887349518,-166.95833633553895,-55.04097466495344
0.7828234985078555,0.0,0.0,314.0447560130857,0.0,0.0,729.3894477046881,-166.98428684257897,-55.03716788200088
0.7924244035009543,0.0,0.0,314.0197376244719,0.0,0.0,729.4144660933184,-167.0102977419289,-55.03335224457834
0.8020267736827688,0.0,0.0,313.99466728838354,0.0,0.0,729.4395364294232,-167.03636124890625,-55.02952889470889
0.8116305977000708,0.0,0.0,313.96955248173515,0.0,0.0,729.4646512360879,-167.06246957406702,-55.02569897505641
0.8212358633151207,0.0,0.0,313.94440068457686,0.0,0.0,729.4898030332625,-167.08861492563787,-55.02186362856361
0.8308425574049307,0.0,0.0,313.9192193777431,0.0,0.0,729.5149843401128,-167.11478951193948,-55.01802399809112
0.8404506659608598,0.0,0.0,313.8940160405084,0.0,0.0,729.540187677364,-167.14098554379845,-55.01418122605867
0.8500601740885377,0.0,0.0,313.86879814825323,0.0,0.0,729.5654055696357,-167.1671952369477,-55.010336454087316
0.8596710660081242,0.0,0.0,313.8435731701387,0.0,0.0,729.5906305477665,-167.19341081441473,-55.00649082264349
0.8692833250549015,0.0,0.0,313.8183485667925,0.0,0.0,729.6158551511294,-167.219624508896,-55.00264547068507
0.878896933680205,0.0,0.0,313.7931317880053,0.0,0.0,729.641071929933,-167.24582856511864,-54.99880153530932
0.8885118734526906,0.0,0.0,313.76793027043993,0.0,0.0,729.6662734475149,-167.27201524218586,-54.9949601514028
0.8981281250599408,0.0,0.0,313.7427514353524,0.0,0.0,729.6914522826189,-167.29817681590916,-54.99112245129343
0.9077456683104126,0.0,0.0,313.7176026863269,0.0,0.0,729.716601031661,-167.32430558112281,-54.98728956440501
0.9173644821357256,0.0,0.0,313.6924914070247,0.0,0.0,729.7417123109794,-167.35039385398247,-54.98346261691394
0.9269845445932925,0.0,0.0,313.6674249589477,0.0,0.0,729.7667787590728,-167.3764339742468,-54.97964273140847
0.9366058328692926,0.0,0.0,313.64241067921733,0.0,0.0,729.7917930388194,-167.40241830754047,-54.97583102655055
0.946228323281989,0.0,0.0,313.6174558783697,0.0,0.0,729.8167478396832,-167.42833924759915,-54.97202861674026
0.9558519912853898,0.0,0.0,313.5925678381676,0.0,0.0,729.8416358799017,-167.4541892184954,-54.968236611783325
0.9654768114732531,0.0,0.0,313.56775380942923,0.0,0.0,729.8664499086561,-167.47996067684457,-54.96445611656102
0.9751027575834376,0.0,0.0,313.54302100987553,0.0,0.0,729.8911827082259,-167.50564611399022,-54.960688230703425
0.9847298025025961,0.0,0.0,313.51837662199574,0.0,0.0,729.9158270961218,-167.53123805817,-54.95693404826564
0.994357918271215,0.0,0.0,313.4938277909321,0.0,0.0,729.9403759272014,-167.55672907665814,-54.95319465740688
1.0039870760889966,0.0,0.0,313.4693816223846,0.0,0.0,729.9648220957649,-167.58211177788803,-54.94947114007324
1.0136172463205857,0.0,0.0,313.4450451805354,0.0,0.0,729.9891585376299,-167.6073788135513,-54.945764571683384
1.0232483985016385,0.0,0.0,313.42082548599467,0.0,0.0,730.013378232186,-167.632522880674,-54.94207602081791
1.032880501345235,0.0,0.0,313.3967295137678,0.0,0.0,730.0374742044285,-167.65753672367018,-54.938406548911786
1.0425135227486304,0.0,0.0,313.37276419124373,0.0,0.0,730.0614395269679,-167.6824131363714,-54.9347572099508
1.0521474298003493,0.0,0.0,313.3489363962068,0.0,0.0,730.0852673220204,-167.7071449640311,-54.931129050171364
1.061782188787616,0.0,0.0,313.3252529548709,0.0,0.0,730.1089507633716,-167.73172510530623,-54.92752310776386
1.0714177652041248,0.0,0.0,313.30172063993683,0.0,0.0,730.1324830783208,-167.75614651421154,-54.92394041258025
1.0810541237581444,0.0,0.0,313.27834616867426,0.0,0.0,730.1558575495983,-167.78040220205082,-54.92038198584486
1.090691228380956,0.0,0.0,313.25513620102726,0.0,0.0,730.1790675172601,-167.80448523931994,-54.91684883986954
1.1003290422356253,0.0,0.0,313.232097337745,0.0,0.0,730.2021063805571,-167.8283887575854,-54.91334197777252
1.1099675277261025,0.0,0.0,313.209236118538,0.0,0.0,730.2249675997787,-167.85210595133606,-54.90986239320145
1.1196066465066505,0.0,0.0,313.1865590202591,0.0,0.0,730.247644698072,-167.87563007980685,-54.90641107006045
1.1292463594915991,0.0,0.0,313.16407245511135,0.0,0.0,730.2701312632339,-167.89895446877716,-54.90298898224114
1.1388866268654199,0.0,0.0,313.14178276888214,0.0,0.0,730.2924209494773,-167.92207251234018,-54.899597093358054
1.148527408093122,0.0,0.0,313.1196962392037,0.0,0.0,730.3145074791698,-167.9449776746448,-54.8962363564882
1.1581686619309648,0.0,0.0,313.0978190738415,0.0,0.0,730.3363846445457,-167.96766349161018,-54.89290771391496
1.1678103464374823,0.0,0.0,313.07615740900985,0.0,0.0,730.3580463093908,-167.99012357261114,-54.889612096876206
1.17745241898482,0.0,0.0,313.05471730771524,0.0,0.0,730.3794864106989,-168.01235160213537,-54.886350425316884
1.1870948362703755,0.0,0.0,313.0335047581283,0.0,0.0,730.400698960299,-168.03434134141168,-54.8831236076461
1.196737554328745,0.0,0.0,313.012525671984,0.0,0.0,730.4216780464561,-168.0560866300093,-54.87993254049839
1.2063805285439664,0.0,0.0,312.9917858830113,0.0,0.0,730.4424178354416,-168.0775813874079,-54.87677810849988
1.2160237136620577,0.0,0.0,312.971291145391,0.0,0.0,730.4629125730744,-168.09881961453792,-54.87366118403872
1.2256670638038483,0.0,0.0,312.95104713224373,0.0,0.0,730.4831565862341,-168.1197953952922,-54.87058262704005
1.2353105324780926,0.0,0.0,312.93105943414776,0.0,0.0,730.5031442843423,-168.14050289800605,-54.867543284745885
1.2449540725948696,0.0,0.0,312.9113335576865,0.0,0.0,730.5228701608156,-168.16093637690898,-54.86454399149943
1.9074652013085063,0.0,0.0,312.3949076834107,0.0,0.0,731.0392960352137,-168.68514932843294,-54.78638174344562
1.9169789154674763,0.0,0.0,312.40111413581127,0.0,0.0,731.0330895828035,-168.67833010693437,-54.787332937206486
1.9264888768033874,0.0,0.0,312.4077049654453,0.0,0.0,731.0264987531596,-168.6711034150402,-54.78834258459332
1.9359950407085533,0.0,0.0,312.41467787746456,0.0,0.0,731.0195258411303,-168.66347152603237,-54.78941033580486
1.9454973632597703,0.0,0.0,312.4220304723058,0.0,0.0,731.0121732462785,-168.6554368236299,-54.79053582519155
1.9549958012330917,0.0,0.0,312.42976024648874,0.0,0.0,731.0044434720849,-168.64700180129503,-54.791718671374014
1.9644903121183552,0.0,0.0,312.4378645934381,0.0,0.0,730.9963391251245,-168.6381690615144,-54.792958477365474
1.9739808541334605,0.0,0.0,312.4463408043293,0.0,0.0,730.9878629142219,-168.62894131505595,-54.79425483069745
1.9834673862383916,0.0,0.0,312.4551860689576,0.0,0.0,730.9790176495818,-168.61932138020222,-54.795607303549005
1.9929498681489808,0.0,0.0,312.4643974766308,0.0,0.0,730.9698062418967,-168.6093121819591,-54.797015452879414
2.002428260350408,0.0,0.0,312.4739720170844,0.0,0.0,730.9602317014308,-168.59891675124157,-54.79847882056404
2.011902524110435,0.0,0.0,312.48390658141955,0.0,0.0,730.9502971370831,-168.58813822403525,-54.79999693353387
2.021372621492366,0.0,0.0,312.4941979630636,0.0,0.0,730.9400057554262,-168.57697984053496,-54.80156930391811
2.030838515367736,0.0,0.0,312.504842858752,0.0,0.0,730.9293608597245,-168.56544494426026,-54.80319542918994
2.04030016942872,0.0,0.0,312.51583786953313,0.0,0.0,730.9183658489301,-168.55353698114632,-54.8048747923159
2.049757548200261,0.0,0.0,312.5271795017933,0.0,0.0,730.9070242166564,-168.54125949861432,-54.80660686190816
2.0592106170519124,0.0,0.0,312.5388641683038,0.0,0.0,730.8953395501319,-168.52861614461696,-54.80839109237991
2.068659342209397,0.0,0.0,312.5508881892888,0.0,0.0,730.8833155291326,-168.51561066666233,-54.810226924104015
2.0781036907658716,0.0,0.0,312.5632477935137,0.0,0.0,730.8709559248933,-168.502246910815,-54.81211378357468
2.087543630692901,0.0,0.0,312.5759391193934,0.0,0.0,730.8582645989989,-168.48852882067493,-54.814051083572274
2.096979130851138,0.0,0.0,312.58895821612174,0.0,0.0,730.8452455022557,-168.47446043633403,-54.8160382233308
2.106410161000703,0.0,0.0,312.60230104481934,0.0,0.0,730.8319026735428,-168.46004589331082,-54.81807458870876
2.1158366918112685,0.0,0.0,312.61596347970186,0.0,0.0,730.8182402386448,-168.44528942146337,-54.820159552362696
2.12525869487184,0.0,0.0,312.6299413092675,0.0,0.0,730.8042624090634,-168.43019534388023,-54.82229247392367
2.1346761427002345,0.0,0.0,312.6442302375023,0.0,0.0,730.7899734808127,-168.4147680757504,-54.82447270017643
2.1440890087522546,0.0,0.0,312.65882588510533,0.0,0.0,730.7753778331935,-168.3990121232107,-54.82669956524178
2.153497267430558,0.0,0.0,312.67372379073146,0.0,0.0,730.7604799275508,-168.3829320821738,-54.828972390761386
2.1629008940932186,0.0,0.0,312.6889194122522,0.0,0.0,730.7452843060134,-168.36653263713333,-54.83129048608532
2.1722998650619814,0.0,0.0,312.7044081280345,0.0,0.0,730.7297955902142,-168.34981855994954,-54.83365314846246
2.1816941576302065,0.0,0.0,312.72018523823704,0.0,0.0,730.7140184799945,-168.33279470861356,-54.836059663233485
2.1910837500705056,0.0,0.0,312.73624596612285,0.0,0.0,730.6979577520912,-168.31546602599107,-54.83850930402635
2.2004686216420684,0.0,0.0,312.7525854593904,0.0,0.0,730.6816182588061,-168.2978375385458,-54.84100133295468
2.209848752597677,0.0,0.0,312.7691987915192,0.0,0.0,730.6650049266594,-168.27991435504293,-54.84353500081825
2.219224124190411,0.0,0.0,312.7860809631336,0.0,0.0,730.6481227550271,-168.2617016652326,-54.84610954730633
2.2285947186800406,0.0,0.0,312.80322690338113,0.0,0.0,730.6309768147614,-168.24320473851265,-54.848724201203275
2.237960519339112,0.0,0.0,312.82063147132754,0.0,0.0,730.6135722467965,-168.22442892257303,-54.85137818059679
2.2473215104587174,0.0,0.0,312.83828945736656,0.0,0.0,730.5959142607389,-168.2053796420197,-54.85407069308823
2.2566776773539607,0.0,0.0,312.856195584645,0.0,0.0,730.5780081334415,-168.18606239697968,-54.856800936005605
2.2660290063691084,0.0,0.0,312.8743445105028,0.0,0.0,730.5598592075648,-168.16648276168723,-54.85956809661855
2.2753754848824346,0.0,0.0,312.8927308279273,0.0,0.0,730.5414728901211,-168.14664638305018,-54.86237135235587
2.284717101310757,0.0,0.0,312.9113490670222,0.0,0.0,730.5228546510069,-168.12655897919882,-54.86520987102523
2.2940538451136643,0.0,0.0,312.9301936964898,0.0,0.0,730.5040100215198,-168.106226338015,-54.868082811034796
2.3033857067974406,0.0,0.0,312.9492591251276,0.0,0.0,730.4849445928622,-168.08565431564418,-54.87098932161747
2.312712677918681,0.0,0.0,312.9685397033376,0.0,0.0,730.4656640146325,-168.06484883498769,-54.87392854305676
2.322034751087605,0.0,0.0,312.9880297246492,0.0,0.0,730.4461739933008,-168.04381588417903,-54.876899606915174
2.331351919971067,0.0,0.0,313.0077234272545,0.0,0.0,730.4264802906753,-168.02256151504122,-54.879901636264265
2.340664179295267,0.0,0.0,313.02761499555595,0.0,0.0,730.4065887223536,-168.00109184152635,-54.88293374591689
2.3499715248481596,0.0,0.0,313.047698561727,0.0,0.0,730.3865051561621,-167.97941303813934,-54.88599504266142
2.3592739534815683,0.0,0.0,313.0679682072831,0.0,0.0,730.3662355105853,-167.9575313383433,-54.889084625497716
2.3685714631130015,0.0,0.0,313.0884179646662,0.0,0.0,730.3457857531815,-167.93545303294854,-54.892201585875085
2.377864052727176,0.0,0.0,313.1090418188386,0.0,0.0,730.3251618989882,-167.91318446848518,-54.89534500793219
2.387151722377248,0.0,0.0,313.12983370888924,0.0,0.0,730.3043700089165,-167.89073204555916,-54.89851396873828
2.3964344731857548,0.0,0.0,313.15078752964985,0.0,0.0,730.2834161881349,-167.86810221719253,-54.90170753853684
2.4057123073452686,0.0,0.0,313.1718971333214,0.0,0.0,730.262306584442,-167.8453014871475,-54.90492478099037
2.4149852281187667,0.0,0.0,313.19315633111177,0.0,0.0,730.2410473866303,-167.82233640823492,-54.90816475342714
2.424253239839716,0.0,0.0,313.21455889488135,0.0,0.0,730.2196448228392,-167.79921358060795,-54.91142650708938
2.4335163479118793,0.0,0.0,313.23609855879937,0.0,0.0,730.1981051588998,-167.77593965004024,-54.91470908738327
2.4427745588088454,0.0,0.0,313.2577690210093,0.0,0.0,730.176434696668,-167.75252130618946,-54.91801153413018
2.452027880073279,0.0,0.0,313.2795639453026,0.0,0.0,730.1546397723532,-167.728965280846,-54.92133288181967
2.461276320315903,0.0,0.0,313.30147696280073,0.0,0.0,730.1327267548331,-167.70527834616874,-54.92467215986365
2.4705198892142093,0.0,0.0,313.3235016736468,0.0,0.0,730.1107020439653,-167.68146731290514,-54.928028392852184
2.4797585975109024,0.0,0.0,313.34563164870303,0.0,0.0,730.0885720688871,-167.65753902859916,-54.931400600810456
2.4889924570120803,0.0,0.0,313.36786043125755,0.0,0.0,730.0663432863105,-167.63350037578522,-54.93478779945728
2.4982214805851517,0.0,0.0,313.39018153873724,0.0,0.0,730.0440221788086,-167.6093582701691,-54.938189000464504
2.507445682156499,0.0,0.0,313.4125884644285,0.0,0.0,730.0216152530952,-167.58511965879708,-54.94160321171796
2.516665076708883,0.0,0.0,313.43507467920347,0.0,0.0,729.9991290382978,-167.56079151821177,-54.94502943757948
2.5258796802785968,0.0,0.0,313.4576336332533,0.0,0.0,729.9765700842257,-167.53638085259615,-54.94846667914978
2.5350895099523716,0.0,0.0,313.4802587578271,0.0,0.0,729.9539449596298,-167.51189469190678,-54.951913934532776
2.544294583864036,0.0,0.0,313.50294346697666,0.0,0.0,729.9312602504579,-167.4873400899947,-54.95537019910078
2.553494921190932,0.0,0.0,313.5256811593058,0.0,0.0,729.9085225581063,-167.46272412271665,-54.95883446576041
2.562690542150095,0.0,0.0,313.5484652197256,0.0,0.0,729.8857384976642,-167.43805388603442,-54.96230572521998
2.5718814679941926,0.0,0.0,313.571289021213,0.0,0.0,729.8629146961543,-167.41333649410464,-54.96578296625691
2.5810677210072366,0.0,0.0,313.5941459265748,0.0,0.0,729.8400577907701,-167.38857907735974,-54.96926517598691
2.590249324500061,0.0,0.0,313.61702929021465,0.0,0.0,729.8171744271077,-167.36378878057795,-54.97275134013306
2.5994263028055764,0.0,0.0,313.63993245990383,0.0,0.0,729.7942712573961,-167.33897276094567,-54.97624044329621
2.6085986812738,0.0,0.0,313.6628487785553,0.0,0.0,729.7713549387222,-167.31413818611054,-54.9797314692256
2.617766486266668,0.0,0.0,313.6857715860003,0.0,0.0,729.7484321312547,-167.2892922322267,-54.98322340109034
2.6269297451526312,0.0,0.0,313.7086942207676,0.0,0.0,729.7255094964652,-167.2644420819926,-54.986715221751325
2.636088486301038,0.0,0.0,313.73161002186447,0.0,0.0,729.7025936953457,-167.23959492268136,-54.99020591403358
2.645242739076307,0.0,0.0,313.7545123305597,0.0,0.0,729.6796913866282,-167.21475794416426,-54.99369446099905
2.6543925338318948,0.0,0.0,313.77739449216733,0.0,0.0,729.656809224998,-167.18993833692815,-54.997179846219865
2.663537901904063,0.0,0.0,313.80024985783234,0.0,0.0,729.6339538593106,-167.16514329008686,-55.0006610540517
2.6726788756054427,0.0,0.0,313.82307178631584,0.0,0.0,729.6111319308048,-167.1403799893876,-55.004137069907564
2.6818154882184055,0.0,0.0,313.8458536457804,0.0,0.0,729.5883500713182,-167.11565561521218,-55.007606880531654
2.690947773988242,0.0,0.0,313.868588815576,0.0,0.0,729.5656149015002,-167.09097734057346,-55.01106947427337
2.700075768116149,0.0,0.0,313.89127068802486,0.0,0.0,729.5429330290292,-167.06635232910912,-55.01452384136135
2.709199506752035,0.0,0.0,313.9138926702049,0.0,0.0,729.5203110468271,-167.04178773307075,-55.017968974177606
2.71831902698714,0.0,0.0,313.93644818573193,0.0,0.0,729.4977555312779,-167.01729069131144,-55.0214038675314
2.7274343668464773,0.0,0.0,313.9589306765407,0.0,0.0,729.4752730404474,-166.99286832726952,-55.02482751893324
2.7365455652811015,0.0,0.0,313.981333604662,0.0,0.0,729.452870112304,-166.96852774695228,-55.02823892886833
2.745652662160199,0.0,0.0,314.0036504539993,0.0,0.0,729.4305532629451,-166.94427603691682,-55.03163710107022
2.754755698263015,0.0,0.0,314.0258747321002,0.0,0.0,729.4083289848224,-166.92012026225183,-55.03502104279355
2.7638547152706114,0.0,0.0,314.0479999719257,0.0,0.0,729.3862037449753,-166.89606746455777,-55.038389765087004
2.7729497557574625,0.0,0.0,314.07001973361497,0.0,0.0,729.3641839832644,-166.87212465992874,-55.04174228306529
2.7820408631828912,0.0,0.0,314.0919276062456,0.0,0.0,729.3422761106124,-166.8482988369352,-55.045077616180855
2.7911280818823485,0.0,0.0,314.1137172095895,0.0,0.0,729.3204865072471,-166.8245969546075,-55.04839478849493
2.8002114570585404,0.0,0.0,314.13538219586314,0.0,0.0,729.2988215209522,-166.8010259404229,-55.05169282894784
2.809291034772403,0.0,0.0,314.15691625147224,0.0,0.0,729.2772874653219,-166.77759268829448,-55.05497077162873
2.818366861933933,0.0,0.0,314.1783130987501,0.0,0.0,729.2558906180229,-166.75430405656454,-55.058227656044096
2.8274389862928704,0.0,0.0,314.19956649768983,0.0,0.0,729.2346372190624,-166.7311668660007,-55.06146252738607
2.8365074564292447,0.0,0.0,314.22067024766886,0.0,0.0,729.2135334690627,-166.70818789779813,-55.06467443679899
2.8455723217437776,0.0,0.0,314.24161818916645,0.0,0.0,729.1925855275445,-166.68537389158664,-55.06786244164552
2.854633632448155,0.0,0.0,314.2624042054729,0.0,0.0,729.1717995112174,-166.66273154344304,-55.07102560577131
2.863691439555163,0.0,0.0,314.28302222439066,0.0,0.0,729.1511814922793,-166.6402675039117,-55.07416299976862
2.872745794868698,0.0,0.0,314.30346621992624,0.0,0.0,729.1307374967234,-166.61798837603095,-55.0772737012386
2.881796750973645,0.0,0.0,314.3237302139729,0.0,0.0,729.1104735026568,-166.595900713368,-55.080356795052396
2.8908443612256365,0.0,0.0,314.3438082779833,0.0,0.0,729.0903954386264,-166.57401101806283,-55.08341137361052
2.899888679740688,0.0,0.0,314.3636945346325,0.0,0.0,729.0705091819573,-166.55232573888082,-55.086436537101136
2.9089297613847145,0.0,0.0,314.383383159469,0.0,0.0,729.0508205571011,-166.5308512692757,-55.08943139375634
2.9179676617629315,0.0,0.0,314.40286838255605,0.0,0.0,729.0313353339948,-166.50959394546302,-55.092395060107336
2.9270024372091425,0.0,0.0,314.42214449009964,0.0,0.0,729.0120592264318,-166.48856004450465,-55.09532666123708
2.936034144774916,0.0,0.0,314.44120582606547,0.0,0.0,728.9929978904469,-166.4677557824059,-55.09822533103221
2.9450628422186513,0.0,0.0,314.4600467937828,0.0,0.0,728.9741569227106,-166.447187312225,-55.10109021243187
2.9540885879945438,0.0,0.0,314.47866185753514,0.0,0.0,728.9555418589393,-166.4268607221956,-55.10392045767574
2.9631114412414403,0.0,0.0,314.4970455441369,0.0,0.0,728.9371581723192,-166.4067820338641,-55.10671522854906
2.972131461771598,0.0,0.0,314.5151924444967,0.0,0.0,728.9190112719409,-166.38695720024117,-55.10947369662625
2.9811487100593412,0.0,0.0,314.53309721516547,0.0,0.0,728.9011065012539,-166.36739210396868,-55.11219504351182
2.990163247229625,0.0,0.0,314.5507545798697,0.0,0.0,728.8834491365318,-166.34809255550329,-55.11487846107934
2.9991751350465,0.0,0.0,314.56815933102894,0.0,0.0,728.8660443853548,-166.32906429131666,-55.117523151708006
3.0081844359014878,0.0,0.0,314.5853063312568,0.0,0.0,728.8488973851094,-166.31031297211274,-55.12012832851639
3.0171912128018668,0.0,0.0,314.6021905148468,0.0,0.0,728.8320132015021,-166.2918441810644,-55.122693215594396
3.026195529358867,0.0,0.0,314.61880688923947,0.0,0.0,728.8153968270922,-166.2736634220676,-55.125217048231875
3.0351974497757825,0.0,0.0,314.635150536473,0.0,0.0,728.7990531798418,-166.25577611801648,-55.12769907314498
3.0441970388359967,0.0,0.0,314.6512166146156,0.0,0.0,728.7829871016825,-166.23818760909754,-55.130138548699875
3.0531943618909274,0.0,0.0,314.66700035917916,0.0,0.0,728.7672033571023,-166.2209031511065,-55.132534745133086
3.062189484847892,0.0,0.0,314.6824970845144,0.0,0.0,728.7517066317508,-166.20392791378507,-55.13488694476961
3.0711824741578924,0.0,0.0,314.69770218518596,0.0,0.0,728.7365015310633,-166.18726697918137,-55.13719444223749
3.080173396803326,0.0,0.0,314.7126111373283,0.0,0.0,728.7215925789052,-166.17092534003257,-55.139456544679575
3.0891623202856207,0.0,0.0,314.7272194999805,0.0,0.0,728.7069842162373,-166.15490789817224,-55.14167257196224
3.098149312612796,0.0,0.0,314.7415229164009,0.0,0.0,728.6926807998016,-166.1392194629612,-55.14384185688057
3.1071344422869567,0.0,0.0,314.75551711536013,0.0,0.0,728.6786866008273,-166.1238647497442,-55.14596374536053
3.116117778291712,0.0,0.0,314.76919791241164,0.0,0.0,728.6650058037609,-166.10884837833134,-55.14803759665763
3.1250993900795305,0.0,0.0,314.78256121114157,0.0,0.0,728.6516425050164,-166.0941748715077,-55.15006278355223
3.1340793475590276,0.0,0.0,314.7956030043945,0.0,0.0,728.6386007117492,-166.07984865356758,-55.15203869254118
3.1430577210821875,0.0,0.0,314.808319375477,0.0,0.0,728.6258843406526,-166.06587404887867,-55.15396472402606
3.1520345814315243,0.0,0.0,314.8207064993368,0.0,0.0,728.613497216779,-166.05225528047362,-55.155840292497594
3.161009999807177,0.0,0.0,314.832760643719,0.0,0.0,728.6014430723834,-166.03899646867004,-55.15766482671637
3.1699840478139496,0.0,0.0,314.8444781702964,0.0,0.0,728.5897255457926,-166.02610162972118,-55.15943776988982
3.1789567974482877,0.0,0.0,314.85585553577687,0.0,0.0,728.5783481802993,-166.0135746744961,-55.16115857984525
3.1879283210852,0.0,0.0,314.8668892929834,0.0,0.0,728.56731442308,-166.0014194071908,-55.162826729198876
3.196898691465123,0.0,0.0,314.8775760919101,0.0,0.0,728.5566276241407,-165.98963952407044,-55.164441705521085
3.20586798168073,0.0,0.0,314.8879126807511,0.0,0.0,728.5462910352876,-165.97823861224413,-55.16600301149721
3.214836265163689,0.0,0.0,314.8978959069033,0.0,0.0,728.5363078091236,-165.967220148472,-55.16751016508446
3.223803615671363,0.0,0.0,314.90752271794236,0.0,0.0,728.526680998073,-165.95658749800458,-55.16896269966476
3.2327701072734665,0.0,0.0,314.916790162571,0.0,0.0,728.5174135534332,-165.94634391345744,-55.170360164192786
3.241735814338665,0.0,0.0,314.92569539154005,0.0,0.0,728.5085083244528,-165.936492533718,-55.17170212334028
3.250700811521131,0.0,0.0,314.9342356585415,0.0,0.0,728.4999680574406,-165.92703638288856,-55.17298815763546
3.259665173747047,0.0,0.0,314.9424083210726,0.0,0.0,728.4917953948991,-165.91797836926378,-55.17421786359837
3.268628976201068,0.0,0.0,314.950210841272,0.0,0.0,728.4839928746895,-165.909321284344,-55.1753908538714
3.277592294312735,0.0,0.0,314.9576407867261,0.0,0.0,728.4765629292256,-165.90106780188432,-55.17650675734548
3.286555203742842,0.0,0.0,314.9646958312463,0.0,0.0,728.4695078846958,-165.89322047698136,-55.17756521928146
3.2955177803697655,0.0,0.0,314.971373755617,0.0,0.0,728.4628299603156,-165.8857817451953,-55.178565901427
3.3044801002757467,0.0,0.0,314.9776724483127,0.0,0.0,728.4565312676108,-165.8787539217108,-55.179508482128504
3.313442239733135,0.0,0.0,314.9835899061851,0.0,0.0,728.4506138097297,-165.87213920053588,-55.180392656438485
3.3224042751905887,0.0,0.0,314.98912423511985,0.0,0.0,728.4450794807866,-165.86593965373746,-55.181218136217936
4.771096972891278,0.0,0.0,312.55652432090943,0.0,0.0,730.8776793962901,-168.4393757724778,-54.807747776082444
4.780745409431165,0.0,0.0,312.541259313983,0.0,0.0,730.8929444032248,-168.45546728965337,-54.805428787556316
4.7903989466880255,0.0,0.0,312.5263160899718,0.0,0.0,730.907887627244,-168.4712208556568,-54.803159189499084
4.800057532119474,0.0,0.0,312.5116993182618,0.0,0.0,730.9225043989619,-168.4866317644952,-54.800939687507565
4.809721112067581,0.0,0.0,312.4974135779779,0.0,0.0,730.9367901392529,-168.5016954061604,-54.79877097334314
4.81938963177193,0.0,0.0,312.48346335654594,0.0,0.0,730.9507403606921,-168.51640726792974,-54.796653724717984
4.829063035383085,0.0,0.0,312.46985304827706,0.0,0.0,730.964350668968,-168.53076293564294,-54.79458860508575
4.838741265976466,0.0,0.0,312.4565869529762,0.0,0.0,730.9776167642754,-168.54475809495372,-54.792576263434825
4.848424265566645,0.0,0.0,312.4436692745736,0.0,0.0,730.9905344426841,-168.55838853255705,-54.79061733408584
4.8581119751220285,0.0,0.0,312.43110411978154,0.0,0.0,731.0030995974822,-168.57165013739032,-54.78871243649246
4.867804334579958,0.0,0.0,312.4188954967746,0.0,0.0,731.0153082204947,-168.58453890180948,-54.78686217504617
4.877501282862198,0.0,0.0,312.4070473138959,0.0,0.0,731.0271564033789,-168.59705092273927,-54.7850671388848
4.887202757890824,0.0,0.0,312.3955633783885,0.0,0.0,731.0386403388914,-168.6091824027977,-54.783327901704816
4.896908696604497,0.0,0.0,312.3844473951534,0.0,0.0,731.0497563221311,-168.62092965139328,-54.78164502157752
4.90661903497512,0.0,0.0,312.3737029655337,0.0,0.0,731.0605007517554,-168.6322890857968,-54.780019040769474
4.916333708024885,0.0,0.0,312.3633335861248,0.0,0.0,731.0708701311685,-168.64325723218545,-54.77845048556668
4.926052649843685,0.0,0.0,312.3533426476139,0.0,0.0,731.0808610696834,-168.6538307266599,-54.77693986610287
4.9357757936069016,0.0,0.0,312.34373343364507,0.0,0.0,731.0904702836556,-168.66400631623526,-54.77548767619231
4.945503071593554,0.0,0.0,312.33450911971477,0.0,0.0,731.099694597589,-168.67378085980252,-54.77409439316625
4.955234415204808,0.0,0.0,312.3256727720938,0.0,0.0,731.1085309452128,-168.68315132906346,-54.772760477714144
4.964969754982842,0.0,0.0,312.31722734677976,0.0,0.0,731.1169763705294,-168.69211480943764,-54.77148637372896
4.97470902063005,0.0,0.0,312.3091756884786,0.0,0.0,731.125028028833,-168.70066850093974,-54.7702725081569
4.984452141028591,0.0,0.0,312.30152052961546,0.0,0.0,731.1326831876978,-168.7088097190308,-54.76911929085165
4.9941990442602675,0.0,0.0,312.2942644893769,0.0,0.0,731.1399392279379,-168.71653589543712,-54.768027114432826
5.003949657626735,0.0,0.0,312.28741007278256,0.0,0.0,731.1467936445338,-168.72384457894418,-54.76699635414946
5.013703907670021,0.0,0.0,312.2809596697882,0.0,0.0,731.1532440475289,-168.73073343615852,-54.76602736774774
5.023461720193364,0.0,0.0,312.274915554421,0.0,0.0,731.1592881628966,-168.73720025224083,-54.76512049534331
5.033223020282345,0.0,0.0,312.26927988394556,0.0,0.0,731.1649238333723,-168.74324293161027,-54.76427605929875
5.042987732326323,0.0,0.0,312.264054698062,0.0,0.0,731.1701490192556,-168.74885949861797,-54.7634943641052
5.052755780040149,0.0,0.0,312.2592419181379,0.0,0.0,731.1749617991793,-168.75404809819057,-54.76277569626937
5.062527086486163,0.0,0.0,312.2548433464714,0.0,0.0,731.179360370845,-168.7588069964442,-54.762120324204886
5.072301574096458,0.0,0.0,312.2508606655887,0.0,0.0,731.1833430517264,-168.76313458126654,-54.76152849812896
5.082079164695399,0.0,0.0,312.24729543757473,0.0,0.0,731.1869082797388,-168.7670293628698,-54.76100044996385
5.0918597795224025,0.0,0.0,312.2441491034373,0.0,0.0,731.1900546138743,-168.77048997431166,-54.76053639324305
5.101643339254946,0.0,0.0,312.2414229825062,0.0,0.0,731.192780734803,-168.7735151719855,-54.76013652302316
5.111429764031817,0.0,0.0,312.23911827186635,0.0,0.0,731.1950854454404,-168.77610383607941,-54.75980101580009
5.121218973476578,0.0,0.0,312.2372360458254,0.0,0.0,731.1969676714782,-168.77825497100346,-54.75953002943102
5.131010886721249,0.0,0.0,312.2357772554174,0.0,0.0,731.1984264618828,-168.7799677057855,-54.75932370306106
5.1408054224301845,0.0,0.0,312.23474272794084,0.0,0.0,731.1994609893557,-168.781241294435,-54.75918215705547
5.150602498824144,0.0,0.0,312.2341331665333,0.0,0.0,731.2000705507592,-168.7820751162751,-54.75910549293697
5.160402033704546,0.0,0.0,312.23394914978087,0.0,0.0,731.2002545675073,-168.78246867624208,-54.75909379332822
5.170203944477889,0.0,0.0,312.23419113136515,0.0,0.0,731.2000125859181,-168.78242160515236,-54.75914712189987
5.180008148180328,0.0,0.0,312.23485943974543,0.0,0.0,731.1993442775329,-168.78193365993837,-54.75926552332393
5.189814561502409,0.0,0.0,312.23595427787825,0.0,0.0,731.1982494393945,-168.78100472384918,-54.759449023232285
5.199623100813927,0.0,0.0,312.2374757229738,0.0,0.0,731.196727994293,-168.7796348066208,-54.75969762818089
5.209433682188919,0.0,0.0,312.23942372628903,0.0,0.0,731.1947799909715,-168.77782404461206,-54.760011325619374
5.21924622143077,0.0,0.0,312.2417981129587,0.0,0.0,731.1924056042952,-168.77557270090767,-54.76039008386614
5.229060634097417,0.0,0.0,312.24459858186316,0.0,0.0,731.1896051353838,-168.77288116538796,-54.760833852088815
5.23887683552665,0.0,0.0,312.2478247055345,0.0,0.0,731.1863790117053,-168.76974995476567,-54.76134256029056
5.24869474086149,0.0,0.0,312.2514759301001,0.0,0.0,731.1827277871321,-168.7661797125888,-54.76191611930165
5.258514265075633,0.0,0.0,312.2555515752647,0.0,0.0,731.1786521419594,-168.76217120920944,-54.76255442077682
5.268335322998957,0.0,0.0,312.2600508343299,0.0,0.0,731.1741528828858,-168.7577253417196,-54.76325733719818
5.278157829343062,0.0,0.0,312.26497277425244,0.0,0.0,731.1692309429545,-168.7528431338527,-54.76402472188387
5.287981698726856,0.0,0.0,312.27031633574114,0.0,0.0,731.1638873814567,-168.74752573585124,-54.76485640900211
5.2978068457021505,0.0,0.0,312.27608033339146,0.0,0.0,731.1581233837969,-168.7417744243004,-54.7657522135913
5.30763318477927,0.0,0.0,312.2822634558597,0.0,0.0,731.1519402613187,-168.735590601927,-54.76671193158538
5.31746063045266,0.0,0.0,312.2888642660753,0.0,0.0,731.1453394510929,-168.72897579736485,-54.76773533984546
5.327289097226474,0.0,0.0,312.2958812014918,0.0,0.0,731.138322515666,-168.72193166488577,-54.76882219619662
5.337118499640139,0.0,0.0,312.3033125743773,0.0,0.0,731.1308911427698,-168.71445998409524,-54.76997223947074
5.346948752293879,0.0,0.0,312.31115657214286,0.0,0.0,731.123047144993,-168.7065626595948,-54.77118518955503
5.356779769874188,0.0,0.0,312.3194112577107,0.0,0.0,731.1147924594135,-168.69824172060896,-54.772460747446445
5.366611467179242,0.0,0.0,312.3280745699213,0.0,0.0,731.106129147191,-168.68949932057836,-54.773798595311334
5.376443759144234,0.0,0.0,312.3371443239778,0.0,0.0,731.0970593931223,-168.68033773671712,-54.77519839655174
5.386276560866626,0.0,0.0,312.34661821193185,0.0,0.0,731.0875855051556,-168.67075936953708,-54.77665979587657
5.396109787631296,0.0,0.0,312.35649380320666,0.0,0.0,731.0777099138678,-168.66076674233562,-54.77818241937916
5.405943354935587,0.0,0.0,312.36676854515935,0.0,0.0,731.0674351719019,-168.65036250065043,-54.77976587462031
5.415777178514223,0.0,0.0,312.3774397636819,0.0,0.0,731.0567639533656,-168.63954941167793,-54.781409750717174
5.425611174364099,0.0,0.0,312.38850466384145,0.0,0.0,731.0456990531922,-168.62833036365856,-54.783113618437774
5.435445258768925,0.0,0.0,312.3999603305586,0.0,0.0,731.0342433864608,-168.6167083652254,-54.784877030301644
11.712329292456028,0.0,0.0,312.52659512415323,0.0,0.0,730.9076085898632,-168.4611424852941,-54.79251798694739
11.722163977231261,0.0,0.0,312.5100863199534,0.0,0.0,730.9241173940723,-168.47807117452444,-54.78998506391333
11.732001637042924,0.0,0.0,312.49391812012357,0.0,0.0,730.9402855939113,-168.49464802093337,-54.78750515949874
11.741842194371625,0.0,0.0,312.47809527738787,0.0,0.0,730.9561084366559,-168.51086823017914,-54.78507899674227
11.75168557078752,0.0,0.0,312.46262244126365,0.0,0.0,730.9715812727886,-168.5267271133126,-54.78270728268093
11.761531686970482,0.0,0.0,312.4475041566475,0.0,0.0,730.986699557413,-168.5422200880613,-54.780390708139585
11.771380462730672,0.0,0.0,312.43274486243456,0.0,0.0,731.0014588516339,-168.5573426800828,-54.77812994752635
11.781231817029512,0.0,0.0,312.4183488901702,0.0,0.0,731.0158548239058,-168.57209052418656,-54.77592565863204
11.791085668001033,0.0,0.0,312.404320462736,0.0,0.0,731.0298832513474,-168.58645936552372,-54.77377848243553
11.80094193297361,0.0,0.0,312.3906636930685,0.0,0.0,731.043540021022,-168.6004450607451,-54.771689042913835
11.810800528492056,0.0,0.0,312.3773825829136,0.0,0.0,731.0568211311835,-168.61404357912704,-54.769657946857755
11.820661370340094,0.0,0.0,312.3644810216145,0.0,0.0,731.069722692489,-168.62725100366475,-54.76768578369242
11.83052437356316,0.0,0.0,312.35196278493544,0.0,0.0,731.082240929174,-168.64006353213267,-54.76577312530361
11.840389452491568,0.0,0.0,312.3398315339208,0.0,0.0,731.0943721801943,-168.6524774781129,-54.76392052586918
11.850256520763999,0.0,0.0,312.32809081378963,0.0,0.0,731.1061129003309,-168.6644892719889,-54.762128521695985
11.860125491351317,0.0,0.0,312.3167440528668,0.0,0.0,731.1174596612586,-168.67609546190846,-54.760397631062354
11.869996276580704,0.0,0.0,312.305794561551,0.0,0.0,731.1284091525793,-168.68729271471025,-54.75872835406602
11.87986878816009,0.0,0.0,312.2952455313188,0.0,0.0,731.1389581828156,-168.6980778168197,-54.757121172477675
11.88974293720289,0.0,0.0,312.2851000337664,0.0,0.0,731.1491036803721,-168.70844767510852,-54.75557654960014
11.899618634253011,0.0,0.0,312.2753610196888,0.0,0.0,731.1588426944535,-168.71839931772266,-54.75409493013313
11.909495789310148,0.0,0.0,312.26603131819707,0.0,0.0,731.1681723959485,-168.72792989487408,-54.752676740043846
11.919374311855323,0.0,0.0,312.2571136358731,0.0,0.0,731.1770900782755,-168.7370366795996,-54.75132238644304
11.929254110876697,0.0,0.0,312.24861055596307,0.0,0.0,731.1855931581881,-168.74571706848548,-54.75003225746727
11.939135094895596,0.0,0.0,312.2405245376099,0.0,0.0,731.1936791765437,-168.75396858235644,-54.74880672216645
11.949017171992791,0.0,0.0,312.23285791512313,0.0,0.0,731.2013457990323,-168.76178886693106,-54.747646130397534
11.958900249834976,0.0,0.0,312.22561289729015,0.0,0.0,731.208590816867,-168.76917569344207,-54.74655081272415
11.96878423570145,0.0,0.0,312.2187915667247,0.0,0.0,731.2154121474334,-168.77612695922204,-54.74552108032181
11.978669036511004,0.0,0.0,312.2123958792555,0.0,0.0,731.2218078349034,-168.78264068825348,-54.74455722488916
11.98855455884897,0.0,0.0,312.2064276633554,0.0,0.0,731.2277760508042,-168.7887150316849,-54.743659518565295
11.998440708994451,0.0,0.0,312.2008886196089,0.0,0.0,731.2333150945508,-168.79434826831104,-54.742828213852924
12.008327392947702,0.0,0.0,312.19578032022105,0.0,0.0,731.2384233939385,-168.79953880501793,-54.74206354354737
12.018214516457643,0.0,0.0,312.19110420856543,0.0,0.0,731.2430995055934,-168.8042851771935,-54.74136572067184
12.02810198504951,0.0,0.0,312.1868615987735,0.0,0.0,731.2473421153843,-168.80858604910154,-54.74073493841846
12.037989704052618,0.0,0.0,312.18305367536345,0.0,0.0,731.2511500387932,-168.8124402142217,-54.740171370095474
12.04787757862823,0.0,0.0,312.17968149290994,0.0,0.0,731.2545222212448,-168.81584659555273,-54.739675169080556
20.543567738758554,0.0,0.0,314.89944652593675,0.0,0.0,728.5347571820811,-165.94076495049984,-55.15722153577332
20.552529553668265,0.0,0.0,314.91008914345764,0.0,0.0,728.5241145645477,-165.92925655528384,-55.15888799742828
20.56148903257203,0.0,0.0,314.92036330194816,0.0,0.0,728.5138404060452,-165.91814680565676,-55.160496847079635
20.570446251982833,0.0,0.0,314.9302661035083,0.0,0.0,728.5039376044732,-165.90743894949497,-55.16204762885683
20.579401288794227,0.0,0.0,314.93979475662655,0.0,0.0,728.4944089513434,-165.89713611678943,-55.16353990358817
20.588354220266066,0.0,0.0,314.9489465769562,0.0,0.0,728.4852571310025,-165.88724131866365,-55.16497324892567
20.59730512401022,0.0,0.0,314.95771898806134,0.0,0.0,728.4764847198863,-165.87775744642786,-55.16634725946526
20.606254077976274,0.0,0.0,314.966109522133,0.0,0.0,728.4680941858039,-165.86868727067173,-55.16766154686209
20.615201160437206,0.0,0.0,314.9741158206739,0.0,0.0,728.4600878872527,-165.86003344039324,-55.16891573994091
20.624146449975058,0.0,0.0,314.9817356351524,0.0,0.0,728.4524680727642,-165.85179848216748,-55.170109484801316
20.633090025466597,0.0,0.0,314.98896682762575,0.0,0.0,728.4452368802812,-165.84398479935268,-55.17124244491836
20.64203196606895,0.0,0.0,314.995807371331,0.0,0.0,728.4383963365665,-165.83659467133515,-55.172314301237805
20.650972351205247,0.0,0.0,315.0022553512458,0.0,0.0,728.4319483566426,-165.82963025281455,-55.173324752266375
20.65991126055025,0.0,0.0,315.0083089646156,0.0,0.0,728.425894743264,-165.82309357312732,-55.17427351415705
20.668848774015952,0.0,0.0,315.0139665214503,0.0,0.0,728.4202371864208,-165.81698653561074,-55.17516032078895
20.677784971737207,0.0,0.0,315.01922644498836,0.0,0.0,728.4149772628743,-165.81131091700635,-55.17598492384241
20.686719934057322,0.0,0.0,315.0240872721281,0.0,0.0,728.4101164357268,-165.80606836690566,-55.17674709286852
20.695653741513652,0.0,0.0,315.02854765382756,0.0,0.0,728.4056560540199,-165.80126040723374,-55.177446615353645
20.704586474823206,0.0,0.0,315.0326063554703,0.0,0.0,728.4015973523698,-165.7968884317754,-55.17808329677874
20.713518214868223,0.0,0.0,315.0362622572005,0.0,0.0,728.3979414506326,-165.7929537057428,-55.17865696067314
20.722449042681767,0.0,0.0,315.0395143542231,0.0,0.0,728.3946893536034,-165.78945736538276,-55.179167448663314
20.731379039433303,0.0,0.0,315.04236175707274,0.0,0.0,728.3918419507473,-165.78640041762714,-55.17961462051632
20.740308286414287,0.0,0.0,315.0448036918487,0.0,0.0,728.3894000159655,-165.7837837397831,-55.17999835417778
20.74923686502375,0.0,0.0,315.0468395004169,0.0,0.0,728.3873642073916,-165.78160807926741,-55.18031854580467
20.758164856753876,0.0,0.0,315.04846864057953,0.0,0.0,728.3857350672235,-165.77987405337996,-55.18057510979261
20.767092343175587,0.0,0.0,315.04969068620994,0.0,0.0,728.3845130215881,-165.7785821491215,-55.180767978798045
20.776019405924128,0.0,0.0,315.05050532735606,0.0,0.0,728.3836983804374,-165.7777327230519,-55.18089710375486
20.78494612668466,0.0,0.0,315.05091237030905,0.0,0.0,728.3832913374799,-165.77732600119123,-55.18096245388567
20.79387258717784,0.0,0.0,315.05091173763975,0.0,0.0,728.3832919701451,-165.77736207896265,-55.180964016707954
20.802798869145438,0.0,0.0,315.0505034682011,0.0,0.0,728.3837002395799,-165.77784092117776,-55.180901798034405
20.811725054335913,0.0,0.0,315.04968771709815,0.0,0.0,728.3845159906795,-165.77876236206365,-55.18077582196833
53.59738470599681,0.0,0.0,312.1820790027175,0.0,0.0,731.2521246921997,-168.8116887430474,-54.739335511552746
53.60727312886199,0.0,0.0,312.17834104062547,0.0,0.0,731.2558626542904,-168.81551793469256,-54.73878167461756
53.61716223586817,0.0,0.0,312.1750391267642,0.0,0.0,731.2591645681498,-168.8188990299253,-54.738295303065144
53.62705193189375,0.0,0.0,312.17217425304545,0.0,0.0,731.2620294418662,-168.8218310346254,-54.73787654106519
53.63694212162297,0.0,0.0,312.16974728098694,0.0,0.0,731.2644564139221,-168.8243130846524,-54.73752551278009
53.64683270957399,0.0,0.0,312.167758941442,0.0,0.0,731.2664447534644,-168.82634444608684,-54.73724232232688
53.656723600127066,0.0,0.0,312.16620983436974,0.0,0.0,731.2679938605331,-168.82792451543492,-54.737027053744924
53.666614697552774,0.0,0.0,312.16510042864735,0.0,0.0,731.2691032662519,-168.82905281979725,-54.73687977096972
53.676505906040305,0.0,0.0,312.16443106192105,0.0,0.0,731.2697726329741,-168.82972901700307,-54.73680051781301
309.9629093077834,0.0,0.0,312.16887092489225,0.0,0.0,731.26533265134,-168.82325725794578,-54.73039109327146
309.972800614233,0.0,0.0,312.1640977119838,0.0,0.0,731.2701058642479,-168.8281391823008,-54.729641629501685
309.98269271934754,0.0,0.0,312.15976307220694,0.0,0.0,731.2744405040237,-168.83257047411394,-54.728960466773984
309.99258552740963,0.0,0.0,312.15586825804974,0.0,0.0,731.2783353181796,-168.8365498769769,-54.72834780030064
310.00247894245996,0.0,0.0,312.1524143909181,0.0,0.0,731.2817891853097,-168.8400762651157,-54.72780380506365
310.01237286832554,0.0,0.0,312.14940246079817,0.0,0.0,731.2848011154276,-168.84314864368997,-54.72732863576368
310.02226720864826,0.0,0.0,312.14683332595894,0.0,0.0,731.2873702502643,-168.8457661490573,-54.72692242677531
310.03216186691304,0.0,0.0,312.14470771269697,0.0,0.0,731.2894958635236,-168.847928049001,-54.72658529210847
310.04205674647665,0.0,0.0,312.143026215121,0.0,0.0,731.2911773610963,-168.8496337429226,-54.72631732537598
310.0519517505962,0.0,0.0,312.1417892949788,0.0,0.0,731.2924142812349,-168.85088276199832,-54.72611859976728
1046.2339748434526,0.0,0.0,315.04676813722375,0.0,0.0,728.3874350957753,-165.78180478581982,-55.180811765995685
1046.2429009794182,0.0,0.0,315.04765419945386,0.0,0.0,728.3865490335404,-165.7808381939575,-55.18093191245532
1046.2518269583334,0.0,0.0,315.0481334391183,0.0,0.0,728.3860697938716,-165.7803135028507,-55.18098846457387
1377.0928528815268,0.0,0.0,312.1410138767144,0.0,0.0,731.2931892054526,-168.85138139865714,-54.725776061595354
1377.1027481769656,0.0,0.0,312.1401534305716,0.0,0.0,731.2940496515914,-168.8522653349056,-54.72564591119635
1377.112643660937,0.0,0.0,312.1397381741521,0.0,0.0,731.2944649080068,-168.85269197992176,-54.72558511883007
1707.9574377319907,0.0,0.0,315.04930362266555,0.0,0.0,728.3848993039533,-165.778740471546,-55.180735626687664
1707.9663634296403,0.0,0.0,315.0499563213367,0.0,0.0,728.3842466052776,-165.77803574603234,-55.18084321839368
1707.9752889747706,0.0,0.0,315.0502015399684,0.0,0.0,728.3840013866416,-165.77777363964833,-55.180887059464645
4793.0712074988905,0.0,0.0,312.1394780424663,0.0,0.0,731.2947234580856,-168.85294727546452,-54.725467445832194
18820.62384002063,0.0,0.0,312.13941839499273,0.0,0.0,731.2947766107263,-168.85299555657912,-54.725438793037554
21905.712104730675,0.0,0.0,315.0501592522847,0.0,0.0,728.3840343226469,-165.77779250260346,-55.18084703644112
21905.721030189732,0.0,0.0,315.0503496489415,0.0,0.0,728.3838439259861,-165.77758489909314,-55.180878655948376
24990.817429167088,0.0,0.0,312.1393154361456,0.0,0.0,731.2948767127051,-168.85308913822368,-54.725395732012956
